Sample,ChlorophyllA
ERS488332,0.013344
ERS490542,0.055113
ERS490659,0.066207
ERS488573,0.085486
ERS490437,0.104143
ERS489677,0.104507
ERS488547,0.112855
ERS488299,0.11467
ERS490331,0.117466
ERS490743,0.13213
ERS490396,0.141003
ERS488625,0.150568
ERS494394,0.156401
ERS489074,0.166581
ERS489164,0.186844
ERS488920,0.196803
ERS489585,0.228414
ERS489136,0.228999
ERS490269,0.309005
ERS491424,0.361109
